{
    "total_iterations": 7,
    "successful_executions": 0,
    "warnings": 1,
    "errors": 7,
    "code_changes": 6,
    "execution_times": [
        104.00233483314514,
        87.23999905586243,
        66.54167699813843,
        89.48625993728638,
        81.59873580932617,
        179.43835306167603,
        1.8471589088439941,
        118.85561990737915
    ],
    "memory_usage": [
        31.703125,
        27.59375,
        27.9375,
        27.46875,
        15.296875,
        17.15625,
        18.8125
    ],
    "cpu_usage": [
        0.0,
        0.0,
        0.0,
        0.0,
        0.0,
        0.0,
        0.0
    ],
    "error_types": {
        "NameError": 4,
        "SyntaxError": 2
    },
    "performance_metrics": []
}